{"train/global_step":1,"_timestamp":1.7329910471803834e+09,"_runtime":15.183733562,"_step":0,"train/loss":2.3867,"_wandb":{"runtime":19},"train/learning_rate":1.7857142857142857e-06,"train/epoch":0}